en,slug_en,id_en,desc_en,name,slug,desc
Arts,arts,132,,Sztuka ,arts-pl,męski 
Community,community,136,,Społeczność ,community-pl,męski 
Education + STEM,education-stem,148,,Edukacja + łodyga ,education-stem-pl,męski 
Food,food,129,,jedzenie ,food-pl,męski 
Nature + Outdoors,nature-outdoors,147,,Natura + na zewnątrz ,nature-outdoors-pl,męski 
Sports + Play,sports-play,149,,Sports + Play. ,sports-play-pl,męski 
