en,slug_en,id_en,desc_en,name,slug,desc
Arts,arts,132,,Arts ,arts-fr,Masculin 
Community,community,136,,Communauté ,community-fr,Masculin 
Education + STEM,education-stem,148,,Éducation + tige ,education-stem-fr,Masculin 
Food,food,129,,Aliments ,food-fr,Masculin 
Nature + Outdoors,nature-outdoors,147,,Nature + à l'extérieur ,nature-outdoors-fr,Masculin 
Sports + Play,sports-play,149,,Sports + Jouer ,sports-play-fr,Masculin 
